6594507889,"SG Real Estate","SG Real Estate offers high end Singapore real estate. We buy, sell and manage properties as well as provide advice for reinvesting...",,,,
6590099006,"Ace Win Real Estate",,,,,
6590299327,"She Real Estate",,,,,
6597467231,"Serviced Office Singapore","Find Your Next Office is the excellent solution to those who are looking for the Serviced Office space in Singapore. We offer a...",,,,
6565113009,"Real Centre Network","Real Centre Network, CEA Approved Course Provider for real estate courses in Singapore...",,,,
6596680037,"Plus 20 Cecil Street","The Plus 20 Cecil Street family welcomes you to take a look at what we can offer and how we can help you. Plus is now regarded as...",,,,
6567379466,"Shin Property Services",,,,,
6597720259,"Home Property Agent - Jonah Heng",x`,,,,
6591570157,IQrate,"IQrate is Singaporeâ€™s first mortgage fintech platform, dedicated to improving the mortgage loan experience through smart...",,,,
6593202020,"Elitehill Real Estate Pte Ltd.","Elitehill Real Estate Pte Ltd was established in 2006, under the name Elitehill Properties LLP....",,,,
